{
  "training_date": "2025-12-09T10:53:10.628389",
  "model_type": "random_forest",
  "calibration": "isotonic",
  "metrics": {
    "total_goals": {
      "mse": 3.16038149802764,
      "rmse": 1.7777461849284448,
      "mae": 1.4300665095177498,
      "r2": -0.06346594140795991
    },
    "over_15": {
      "accuracy": 0.7675,
      "precision": 0.7675,
      "recall": 1.0,
      "f1": 0.8684582743988685,
      "auc": 0.5212251760008406,
      "brier": 0.17969830971539116,
      "log_loss": 0.546526798628995,
      "ece": 0.05120676100989026
    },
    "over_25": {
      "accuracy": 0.5775,
      "precision": 0.6161616161616161,
      "recall": 0.5674418604651162,
      "f1": 0.5907990314769975,
      "auc": 0.5862099308610936,
      "brier": 0.2428729149853604,
      "log_loss": 0.6787885313928007,
      "ece": 0.026012446992193773
    },
    "over_35": {
      "accuracy": 0.66,
      "precision": 1.0,
      "recall": 0.0072992700729927005,
      "f1": 0.014492753623188406,
      "auc": 0.5655269073853071,
      "brier": 0.22350194306510648,
      "log_loss": 0.6402942887691313,
      "ece": 0.04664729537364492
    },
    "btts": {
      "accuracy": 0.5125,
      "precision": 0.5125,
      "recall": 1.0,
      "f1": 0.6776859504132231,
      "auc": 0.5767229518449031,
      "brier": 0.24544475526718323,
      "log_loss": 0.6836064934838797,
      "ece": 0.04896660811059732
    },
    "cs_home": {
      "accuracy": 0.695,
      "precision": 0.0,
      "recall": 0.0,
      "f1": 0.0,
      "auc": 0.6392115815544286,
      "brier": 0.20424716335065693,
      "log_loss": 0.5972961007722953,
      "ece": 0.038052173087361335
    },
    "cs_away": {
      "accuracy": 0.765,
      "precision": 0.5384615384615384,
      "recall": 0.07368421052631578,
      "f1": 0.12962962962962962,
      "auc": 0.7005694564279552,
      "brier": 0.1651227250310651,
      "log_loss": 0.5026240277210688,
      "ece": 0.0192702704503728
    },
    "total_corners": {
      "mse": 13.125736235743075,
      "rmse": 3.6229457953084356,
      "mae": 2.9488634787312304,
      "r2": -0.04031324438603745
    },
    "corners_over_95": {
      "accuracy": 0.535,
      "precision": 0.5236220472440944,
      "recall": 0.6717171717171717,
      "f1": 0.588495575221239,
      "auc": 0.5543054305430544,
      "brier": 0.2498819370120928,
      "log_loss": 0.6928178174731074,
      "ece": 0.04522541437867601
    },
    "corners_over_105": {
      "accuracy": 0.555,
      "precision": 0.44144144144144143,
      "recall": 0.296969696969697,
      "f1": 0.35507246376811596,
      "auc": 0.5341328175370729,
      "brier": 0.2456404646188465,
      "log_loss": 0.6847177387808939,
      "ece": 0.0765759624243838
    },
    "total_cards": {
      "mse": 4.267996331829792,
      "rmse": 2.0659129535945584,
      "mae": 1.6674833412128334,
      "r2": -0.031066418280376817
    },
    "cards_over_35": {
      "accuracy": 0.6275,
      "precision": 0.6298200514138818,
      "recall": 0.98,
      "f1": 0.7668231611893583,
      "auc": 0.60128,
      "brier": 0.23115534008843447,
      "log_loss": 0.6553568086698272,
      "ece": 0.03992105248095949
    },
    "cards_over_45": {
      "accuracy": 0.5675,
      "precision": 0.47368421052631576,
      "recall": 0.1588235294117647,
      "f1": 0.23788546255506607,
      "auc": 0.5253324808184143,
      "brier": 0.2452907048510667,
      "log_loss": 0.6826097960343199,
      "ece": 0.03832555409749632
    },
    "1h_total_goals": {
      "mse": 1.4746010848671045,
      "rmse": 1.2143315382823197,
      "mae": 0.9498992178201834,
      "r2": -0.08730856846015134
    },
    "1h_over_05": {
      "accuracy": 0.695,
      "precision": 0.6942355889724311,
      "recall": 1.0,
      "f1": 0.8195266272189349,
      "auc": 0.4729975639106572,
      "brier": 0.21844708704122173,
      "log_loss": 0.6298704657310384,
      "ece": 0.04646606735855356
    }
  },
  "markets": [
    "total_goals",
    "over_15",
    "over_25",
    "over_35",
    "btts",
    "cs_home",
    "cs_away",
    "total_corners",
    "corners_over_95",
    "corners_over_105",
    "total_cards",
    "cards_over_35",
    "cards_over_45",
    "1h_total_goals",
    "1h_over_05"
  ],
  "feature_importance": {
    "total_goals": [
      [
        "expected_total_goals",
        0.060709643099201537
      ],
      [
        "combined_fouls",
        0.04081564758253212
      ],
      [
        "combined_late_vuln",
        0.038198054886681536
      ],
      [
        "ref_avg_goals",
        0.030418279763134867
      ],
      [
        "expected_home_goals",
        0.0284832852073202
      ],
      [
        "diff_xga",
        0.02807333275730963
      ],
      [
        "expected_total_corners",
        0.025729216134813545
      ],
      [
        "diff_corners",
        0.024410072052762893
      ],
      [
        "expected_total_cards",
        0.024399766303694212
      ],
      [
        "combined_fouls_to_yellow",
        0.023980407016584195
      ]
    ],
    "over_15": [
      [
        "expected_total_goals",
        0.024856397366448256
      ],
      [
        "combined_late_vuln",
        0.022901669742152797
      ],
      [
        "combined_fouls",
        0.01998765347227764
      ],
      [
        "diff_gk_percentile",
        0.018515924018880085
      ],
      [
        "ratio_goals",
        0.017787025102162766
      ],
      [
        "diff_corners",
        0.017269573701384523
      ],
      [
        "expected_total_corners",
        0.01652424516876065
      ],
      [
        "expected_home_goals",
        0.015577730456892515
      ],
      [
        "diff_xga",
        0.015517492956742025
      ],
      [
        "expected_away_goals",
        0.014999422193210878
      ]
    ],
    "over_25": [
      [
        "expected_total_goals",
        0.026087890844302093
      ],
      [
        "combined_late_vuln",
        0.020331559171856285
      ],
      [
        "expected_home_goals",
        0.01965502982665855
      ],
      [
        "combined_fouls",
        0.01949270990131762
      ],
      [
        "expected_away_goals",
        0.018492816376106697
      ],
      [
        "diff_gk_percentile",
        0.017173003427016314
      ],
      [
        "diff_xga",
        0.01627944565729455
      ],
      [
        "expected_total_cards",
        0.01599759526037412
      ],
      [
        "combined_btts_rate",
        0.015832696984072598
      ],
      [
        "expected_total_corners",
        0.015422353989992095
      ]
    ],
    "over_35": [
      [
        "expected_total_goals",
        0.030956841596866038
      ],
      [
        "combined_fouls",
        0.023201125581520765
      ],
      [
        "expected_home_goals",
        0.02197510587488792
      ],
      [
        "diff_xga",
        0.01911094050528744
      ],
      [
        "expected_total_corners",
        0.017370698388264442
      ],
      [
        "diff_corners",
        0.016949237007767574
      ],
      [
        "ratio_gk",
        0.016332241720247217
      ],
      [
        "expected_away_goals",
        0.016318939000327656
      ],
      [
        "expected_total_cards",
        0.01495088356984779
      ],
      [
        "diff_gk_percentile",
        0.014556562502724125
      ]
    ],