{
  "training_date": "2025-12-09T10:49:05.092044",
  "model_type": "random_forest",
  "calibration": "isotonic",
  "metrics": {
    "total_goals": {
      "mse": 3.062658117520341,
      "rmse": 1.750045175851281,
      "mae": 1.3932691602687592,
      "r2": -0.08179086486536713
    },
    "over_15": {
      "accuracy": 0.77,
      "precision": 0.7738693467336684,
      "recall": 0.9935483870967742,
      "f1": 0.8700564971751412,
      "auc": 0.5055913978494624,
      "brier": 0.1774317152445904,
      "log_loss": 0.5434718187105849,
      "ece": 0.053174780402398064
    },
    "over_25": {
      "accuracy": 0.54,
      "precision": 0.5388888888888889,
      "recall": 0.9150943396226415,
      "f1": 0.6783216783216783,
      "auc": 0.5266961059815336,
      "brier": 0.2554117072895215,
      "log_loss": 0.7032519322472202,
      "ece": 0.1193325334260316
    },
    "over_35": {
      "accuracy": 0.63,
      "precision": 0.2857142857142857,
      "recall": 0.12903225806451613,
      "f1": 0.17777777777777778,
      "auc": 0.5711196820944366,
      "brier": 0.2155483945600023,
      "log_loss": 0.6188710883296911,
      "ece": 0.0747177437156149
    },
    "btts": {
      "accuracy": 0.56,
      "precision": 0.56,
      "recall": 1.0,
      "f1": 0.717948717948718,
      "auc": 0.5450487012987012,
      "brier": 0.24608913970056775,
      "log_loss": 0.6856832978795481,
      "ece": 0.033730984255116406
    },
    "cs_home": {
      "accuracy": 0.715,
      "precision": 0.3333333333333333,
      "recall": 0.017857142857142856,
      "f1": 0.03389830508474576,
      "auc": 0.6268601190476191,
      "brier": 0.196811819556438,
      "log_loss": 0.5999782306461414,
      "ece": 0.04416071528704619
    },
    "cs_away": {
      "accuracy": 0.785,
      "precision": 0.0,
      "recall": 0.0,
      "f1": 0.0,
      "auc": 0.6181162755023777,
      "brier": 0.16722507755723653,
      "log_loss": 0.5579144167682841,
      "ece": 0.05484714470394967
    },
    "total_corners": {
      "mse": 14.658694683114502,
      "rmse": 3.8286674813979995,
      "mae": 3.018346281082218,
      "r2": -0.15937665562929082
    },
    "corners_over_95": {
      "accuracy": 0.59,
      "precision": 0.5966850828729282,
      "recall": 0.9230769230769231,
      "f1": 0.7248322147651006,
      "auc": 0.536813922356091,
      "brier": 0.2435706829495485,
      "log_loss": 0.6820855160872944,
      "ece": 0.03686763848039454
    },
    "corners_over_105": {
      "accuracy": 0.52,
      "precision": 0.631578947368421,
      "recall": 0.1188118811881188,
      "f1": 0.2,
      "auc": 0.49434943494349437,
      "brier": 0.25706715704865696,
      "log_loss": 0.7078813649605141,
      "ece": 0.0648537704554979
    },
    "total_cards": {
      "mse": 6.1949960509754485,
      "rmse": 2.488974899627445,
      "mae": 2.0103305215931586,
      "r2": -0.06496296281230318
    },
    "cards_over_35": {
      "accuracy": 0.6,
      "precision": 0.5958549222797928,
      "recall": 0.9829059829059829,
      "f1": 0.7419354838709677,
      "auc": 0.6066831428277212,
      "brier": 0.23775357147937573,
      "log_loss": 0.6680858604069752,
      "ece": 0.06463489718993609
    },
    "cards_over_45": {
      "accuracy": 0.575,
      "precision": 0.6,
      "recall": 0.16666666666666666,
      "f1": 0.2608695652173913,
      "auc": 0.5423737373737375,
      "brier": 0.24258083616550544,
      "log_loss": 0.6752209413628685,
      "ece": 0.039106233377548
    },
    "1h_over_05": {
      "accuracy": 0.7,
      "precision": 0.7,
      "recall": 1.0,
      "f1": 0.8235294117647058,
      "auc": 0.5461904761904762,
      "brier": 0.21562582556668808,
      "log_loss": 0.6322949372859065,
      "ece": 0.07027414732415399
    }
  },
  "markets": [
    "total_goals",
    "over_15",
    "over_25",
    "over_35",
    "btts",
    "cs_home",
    "cs_away",
    "total_corners",
    "corners_over_95",
    "corners_over_105",
    "total_cards",
    "cards_over_35",
    "cards_over_45",
    "1h_over_05"
  ],
  "feature_importance": {
    "total_goals": [
      [
        "ref_avg_goals",
        0.044179190155749073
      ],
      [
        "combined_late_vuln",
        0.03549843139404309
      ],
      [
        "expected_total_goals",
        0.034227330471881916
      ],
      [
        "ref_home_bias",
        0.03230040139926307
      ],
      [
        "ref_over_35_pct",
        0.0293814166775223
      ],
      [
        "expected_home_goals",
        0.028171947082782055
      ],
      [
        "combined_btts_rate",
        0.027727458520065563
      ],
      [
        "expected_total_corners",
        0.027539155948352215
      ],
      [
        "diff_corners",
        0.027476350379276423
      ],
      [
        "combined_fouls_to_yellow",
        0.026930591877400364
      ]
    ],
    "over_15": [
      [
        "expected_total_goals",
        0.02426542446399401
      ],
      [
        "combined_late_vuln",
        0.01965437495267927
      ],
      [
        "ratio_goals",
        0.018301281930214842
      ],
      [
        "combined_fouls",
        0.016086635071764666
      ],
      [
        "expected_home_goals",
        0.015957536346650047
      ],
      [
        "diff_corners",
        0.015792221996382513
      ],
      [
        "combined_btts_rate",
        0.015664117341170788
      ],
      [
        "expected_total_corners",
        0.015637913686533368
      ],
      [
        "ref_home_bias",
        0.015307474876093921
      ],
      [
        "ref_over_45_pct",
        0.015134737634057916
      ]
    ],
    "over_25": [
      [
        "combined_btts_rate",
        0.023160321112481723
      ],
      [
        "combined_late_vuln",
        0.02234407669283442
      ],
      [
        "expected_total_goals",
        0.021374506124738374
      ],
      [
        "combined_fouls",
        0.018458532141523112
      ],
      [
        "diff_gk_percentile",
        0.015881873857468313
      ],
      [
        "expected_home_goals",
        0.015828377119553375
      ],
      [
        "combined_fouls_to_yellow",
        0.015812562378731986
      ],
      [
        "ratio_goals",
        0.015043664104357654
      ],
      [
        "diff_xga",
        0.01503430133029664
      ],
      [
        "diff_corners",
        0.014804112566040839
      ]
    ],
    "over_35": [
      [
        "expected_total_goals",
        0.027998965503315924
      ],
      [
        "ref_card_impact",
        0.020444515252636093
      ],
      [
        "ref_home_bias",
        0.019864847105593466
      ],
      [
        "combined_fouls",
        0.019861364499984407
      ],
      [
        "combined_btts_rate",
        0.01975118112429603
      ],
      [
        "ref_over_45_pct",
        0.01972037205271704
      ],
      [
        "expected_home_goals",
        0.017925898386682453
      ],
      [
        "combined_late_vuln",
        0.017582770199021772
      ],
      [
        "ref_avg_cards",
        0.016630475804351025
      ],
      [
        "ref_avg_goals",
        0.016413076800472628
      ]
    ],
    "btts": [
      [
        "combined_late_vuln",
        0.022974602517667267
      ],
      [
        "expected_total_goals",
        0.018862662929034015
      ],
      [
        "expected_total_corners",
        0.018616529378209595
      ],
      [
        "combined_fouls_to_yellow",
        0.017690026273778085
      ],
      [
        "ratio_gk",
        0.016104721176980703
      ],
      [
        "expected_away_goals",
        0.015690380604152652
      ],
      [
        "diff_corners",
        0.015371856887760361
      ],
      [
        "diff_goals_for",
        0.01534828412272637
      ],
      [
        "ref_over_35_pct",
        0.015106734304210235
      ],
      [
        "expected_home_goals",
        0.014948061816148335
      ]
    ],